title,genres,actors,directors,synopsis,rating
War of the Worlds,"Science Fiction, Thriller","Ice Cube, Eva Longoria, Clark Gregg",Rich Lee,"Will Radford is a top analyst for Homeland Security who tracks potential threats through a mass surveillance program, until one day an attack by an unknown entity leads him to question whether the government is hiding something from him... and from the rest of the world.",4.163
Superman,"Science Fiction, Adventure, Action","David Corenswet, Rachel Brosnahan, Nicholas Hoult",James Gunn,"Superman, a journalist in Metropolis, embarks on a journey to reconcile his Kryptonian heritage with his human upbringing as Clark Kent.",7.587
Mission: Impossible - The Final Reckoning,"Action, Adventure, Thriller","Tom Cruise, Hayley Atwell, Ving Rhames",Christopher McQuarrie,"Ethan Hunt and team continue their search for the terrifying AI known as the Entity — which has infiltrated intelligence networks all over the globe — with the world's governments and a mysterious ghost from Hunt's past on their trail. Joined by new allies and armed with the means to shut the Entity down for good, Hunt is in a race against time to prevent the world as we know it from changing forever.",7.23
Jurassic World Rebirth,"Science Fiction, Adventure, Action","Scarlett Johansson, Mahershala Ali, Jonathan Bailey",Gareth Edwards,"Five years after the events of Jurassic World Dominion, covert operations expert Zora Bennett is contracted to lead a skilled team on a top-secret mission to secure genetic material from the world's three most massive dinosaurs. When Zora's operation intersects with a civilian family whose boating expedition was capsized, they all find themselves stranded on an island where they come face-to-face with a sinister, shocking discovery that's been hidden from the world for decades.",6.378
Striking Rescue,"Action, Crime, Thriller","Tony Jaa, Eason Hung, Xing Yu",Cheng Siyi,A veteran Muay Thai expert goes on a take-no-prisoners mission of revenge after his wife and daughter are brutally murdered by mysterious forces.,7.696
Osiris,"Science Fiction, Action, Horror","Max Martini, Brianna Hildebrand, LaMonica Garrett",William Kaufman,"Special Forces commandos on a mission are abducted mid-operation by a mysterious spacecraft. Upon waking aboard, they find themselves prey to a relentless alien race in a fight for survival.",6.486
Demon Slayer: Kimetsu no Yaiba Infinity Castle,"Animation, Action, Fantasy, Thriller","Natsuki Hanae, Akari Kito, Yoshitsugu Matsuoka",Haruo Sotozaki,"The Demon Slayer Corps are drawn into the Infinity Castle, where Tanjiro, Nezuko, and the Hashira face terrifying Upper Rank demons in a desperate fight as the final battle against Muzan Kibutsuji begins.",7.2
Hostile Takeover,"Action, Comedy, Thriller","Michael Jai White, Aimee Stolte, Dawn Olivieri",Michael Hamilton-Wright,"Follows Pete, a professional hitman, as he faces a group of assassins after the boss of a crime syndicate suspects disloyalty due to his attendance at Workaholics Anonymous meetings.",7.4
How to Train Your Dragon,"Fantasy, Family, Action, Adventure","Mason Thames, Nico Parker, Gerard Butler",Dean DeBlois,"On the rugged isle of Berk, where Vikings and dragons have been bitter enemies for generations, Hiccup stands apart, defying centuries of tradition when he befriends Toothless, a feared Night Fury dragon. Their unlikely bond reveals the true nature of dragons, challenging the very foundations of Viking society.",8.022
William Tell,"Action, Drama, History","Claes Bang, Connor Swindells, Golshifteh Farahani",Nick Hamm,"The narrative unfolds in the 14th Century, when the European nations vie for supremacy within the Holy Roman Empire. The ambitious Austrian Empire, desiring more land, invades neighbouring Switzerland, a serene and pastoral nation. Protagonist William Tell, a formerly peaceful hunter, finds himself forced to take action as his family and homeland come under threat from the oppressive Austrian King and his ruthless warlords.",6.376
Smurfs,"Animation, Family, Fantasy","Rihanna, James Corden, Nick Offerman",Chris Miller,"When Papa Smurf is mysteriously taken by evil wizards, Razamel and Gargamel, Smurfette leads the Smurfs on a mission into the real world to save him. With the help of new friends, the Smurfs must discover what defines their destiny to save the universe.",6.117
Legends of the Condor Heroes: The Gallants,"Action, Drama, History","Xiao Zhan, Sabrina Zhuang, Tony Leung Ka-fai",Tsui Hark,"Under Genghis Khan, the Mongolian army pushes west to destroy the Jin Dynasty, setting its sights on the Song Dynasty next. Amid internal conflicts among martial arts schools, Guo Jing unites the Central Plains' warriors to defend Xiangyang, embodying courage and loyalty in the fight for the nation.",6.633
Weapons,"Horror, Mystery","Julia Garner, Josh Brolin, Alden Ehrenreich",Zach Cregger,"When all but one child from the same class mysteriously vanish on the same night at exactly the same time, a community is left questioning who or what is behind their disappearance.",7.6
The Pickup,"Action, Comedy, Crime","Eddie Murphy, Pete Davidson, Keke Palmer",Tim Story,A routine cash pickup takes a wild turn when mismatched armored truck drivers Russell and Travis are ambushed by ruthless criminals led by savvy mastermind Zoe.,6.506
Night Carnage,"Action, Horror, Romance","Sadie Katz, Christian Howard, Mike Ferguson",Thomas J. Churchill,A blogger who is also a werewolf meets a dashing playboy with a dark secret of his own. Starring Logan Andrews and Christian Howard.,5.925
The Fantastic 4: First Steps,"Science Fiction, Adventure","Pedro Pascal, Vanessa Kirby, Ebon Moss-Bachrach",Matt Shakman,"Against the vibrant backdrop of a 1960s-inspired, retro-futuristic world, Marvel's First Family is forced to balance their roles as heroes with the strength of their family bond, while defending Earth from a ravenous space god called Galactus and his enigmatic Herald, Silver Surfer.",7.244
Ne Zha 2,"Animation, Fantasy, Adventure, Action","Lu Yanting, Joseph, Han Mo",Yang Yu,"After a catastrophic event leaves their bodies destroyed, Ne Zha and Ao Bing are granted a fragile second chance at life. As tensions rise between the dragon clans and celestial forces, the two must undergo a series of perilous trials that will test their bond, challenge their identities, and decide the fate of both mortals and immortals.",8.0
Lilo & Stitch,"Family, Science Fiction, Comedy, Adventure","Maia Kealoha, Sydney Agudong, Chris Sanders",Dean Fleischer Camp,The wildly funny and touching story of a lonely Hawaiian girl and the fugitive alien who helps to mend her broken family.,7.32
KPop Demon Hunters,"Animation, Music, Action, Fantasy, Comedy","Arden Cho, May Hong, Ji-young Yoo","Chris Appelhans, Maggie Kang","When K-pop superstars Rumi, Mira and Zoey aren't selling out stadiums, they're using their secret powers to protect their fans from supernatural threats.",8.415
Rob1n,"Horror, Thriller","Ethan Taylor, Leona Clarke, Simon Davies",Lawrence Fowler,"When a robotics expert channels the grief of losing his 11 year-old son into building 'Robin', a fully functioning robotic doll, a series of horrific events makes it clear Robin will do whatever it takes to have his creator all to himself.",5.158
Creation of the Gods II: Demon Force,"Action, Fantasy, War","Huang Bo, Yu Shi, Nashi",Wuershan,"Taishi Wen Zhong led the army of Shang Dynasty including Deng Chanyu and four generals of the Mo Family to Xiqi. With the help of Kunlun immortals such as Jiang Ziya, Ji Fa led the army and civilians of Xiqi to defend their homeland.",6.286
Murder Company,"War, Action","Kelsey Grammer, William Moseley, Joe Anderson",Shane Dax Taylor,"In the midst of the D-Day invasion, a group of US soldiers are given orders to smuggle a member of the French Resistance behind enemy lines to assassinate a high-value Nazi target.",5.667
M3GAN 2.0,"Action, Science Fiction, Thriller","Allison Williams, Violet McGraw, Amie Donald",Gerard Johnstone,"After the underlying tech for M3GAN is stolen and misused by a powerful defense contractor to create a military-grade weapon known as Amelia, M3GAN's creator Gemma realizes that the only option is to resurrect M3GAN and give her a few upgrades, making her faster, stronger, and more lethal.",7.581
My Oxford Year,"Romance, Comedy, Drama","Sofia Carson, Corey Mylchreest, Esmé Kingdom",Iain Morris,An ambitious American fulfilling her dream of studying at Oxford falls for a charming Brit hiding a secret that may upend her perfectly planned life.,7.23
Shadow of God,Horror,"Mark O'Brien, Shaun Johnston, Jacqueline Byers",Michael Peterson,"While performing an unauthorized exorcism on his father, an elite exorcist suspects the entity he's doing battle with might be a holy being – perhaps even God.",5.796
Popeye's Revenge,Horror,"Steven Murphy, Emily Mogilner, Connor Powles",William Stead,The legend of Popeye haunts a group of counsellors as they intend to open a summer camp.,5.2
Karate Kid: Legends,"Action, Adventure, Drama","Jackie Chan, Ben Wang, Joshua Jackson",Jonathan Entwistle,"After a family tragedy, kung fu prodigy Li Fong is uprooted from his home in Beijing and forced to move to New York City with his mother. When a new friend needs his help, Li enters a karate competition – but his skills alone aren't enough. Li's kung fu teacher Mr. Han enlists original Karate Kid Daniel LaRusso for help, and Li learns a new way to fight, merging their two styles into one for the ultimate martial arts showdown.",7.151
Night Always Comes,"Thriller, Drama, Crime","Vanessa Kirby, Jennifer Jason Leigh, Zack Gottsagen",Benjamin Caron,"Facing eviction in a city her family can no longer afford, a woman plunges into a desperate and increasingly dangerous all-night search to raise $25,000.",6.032
Shaman,Horror,"Sara Canning, Daniel Gillies, Jett Klyne",Antonio Negret,A Missionary converting an Indigenous Community in a remote Ecuadorian volcano must come to terms with her own Faith when her son is possessed by dark forces older than her own religion.,6.0
28 Years Later,"Horror, Thriller, Science Fiction","Jodie Comer, Alfie Williams, Aaron Taylor-Johnson",Danny Boyle,"Twenty-eight years since the rage virus escaped a biological weapons laboratory, now, still in a ruthlessly enforced quarantine, some have found ways to exist amidst the infected. One such group lives on a small island connected to the mainland by a single, heavily-defended causeway. When one member departs on a mission into the dark heart of the mainland, he discovers secrets, wonders, and horrors that have mutated not only the infected but other survivors as well.",6.8
Ballerina,"Action, Thriller, Crime","Ana de Armas, Keanu Reeves, Ian McShane",Len Wiseman,"Taking place during the events of John Wick: Chapter 3 – Parabellum, Eve Macarro begins her training in the assassin traditions of the Ruska Roma.",7.421
Ice Road: Vengeance,"Action, Thriller, Drama","Liam Neeson, Fan Bingbing, Marcus Thomas",Jonathan Hensleigh,"Big rig ice road driver Mike McCann travels to Nepal to scatter his late brother’s ashes on Mt. Everest. While on a packed tour bus traversing the deadly 12,000 ft. terrain of the infamous Road to the Sky, McCann and his mountain guide encounter a group of mercenaries and must fight to save themselves, the busload of innocent travelers, and the local villagers’ homeland.",6.848
xXx,"Action, Adventure, Thriller, Crime","Vin Diesel, Asia Argento, Marton Csokas",Rob Cohen,"Xander Cage is your standard adrenaline junkie with no fear and a lousy attitude. When the US Government ""recruits"" him to go on a mission, he's not exactly thrilled. His mission: to gather information on an organization that may just be planning the destruction of the world, led by the nihilistic Yorgi.",5.958
Victoria,Action,"Shayna Bofill, Andrei Kopilov, Antoni Corone",Juan C. Bofill,"Victoria is a woman betrayed, now on a mission for revenge and destroying anything that gets in her way.",8.5
Dirty Ice Cream,Drama,"Christy Imperial, Jem Milton, Candy Veloso",Mervyn Brondial,"Villagers are experiencing an extreme heat. Two hot ice cream vendors come to the village to sell ice cream. With electricity out, the women of the subdivision take turns having the vendors satisfy their every needs.",5.25
Eddington,"Western, Comedy, Crime","Joaquin Phoenix, Pedro Pascal, Luke Grimes",Ari Aster,"In May of 2020, a standoff between a small-town sheriff and mayor sparks a powder keg as neighbor is pitted against neighbor in Eddington, New Mexico.",6.561
Final Destination Bloodlines,"Horror, Mystery","Kaitlyn Santa Juana, Teo Briones, Rya Kihlstedt","Adam B. Stein, Zach Lipovsky","Plagued by a violent recurring nightmare, college student Stefanie heads home to track down the one person who might be able to break the cycle and save her family from the grisly demise that inevitably awaits them all.",7.163
Marriage Unplugged,"Science Fiction, Comedy, Drama","Nikki Amuka-Bird, Nicholas Gleaves, Sven Ironside","Florine Nüesch, Kim Nüesch","Unhappy in their marriage, Suzanna and Andrew buy a male sex robot called James, who consequently uncovers the deep fractures in their relationship.",7.0
Site,"Science Fiction, Thriller, Horror","Arielle Kebbel, Theo Rossi, Jake McLaughlin",Jason Eric Perlman,"After a terrifying encounter at an abandoned government test site, a small town family man begins seeing haunting visions of a past that threatens to destroy his present.",6.3
"Yours, Mine & Ours","Comedy, Family, Romance","Dennis Quaid, Rene Russo, Sean Faris",Raja Gosnell,"Admiral Frank Beardsley returns to New London to run the Coast Guard Academy, his last stop before a probable promotion to head the Guard. A widower with eight children, he runs a loving but tight ship, with charts and salutes. The kids long for a permanent home. Helen North is a free spirit, a designer whose ten children live in loving chaos, with occasional group hugs. Helen and Frank, high school sweethearts, reconnect at a reunion, and it's love at first re-sighting. They marry on the spot. Then the problems start as two sets of kids, the free spirits and the disciplined preppies, must live together. The warring factions agree to work together to end the marriage.",6.177
Final Destination Bloodlines,"Horror, Mystery","Kaitlyn Santa Juana, Teo Briones, Rya Kihlstedt","Adam B. Stein, Zach Lipovsky","Plagued by a violent recurring nightmare, college student Stefanie heads home to track down the one person who might be able to break the cycle and save her family from the grisly demise that inevitably awaits them all.",7.163
Site,"Science Fiction, Thriller, Horror","Arielle Kebbel, Theo Rossi, Jake McLaughlin",Jason Eric Perlman,"After a terrifying encounter at an abandoned government test site, a small town family man begins seeing haunting visions of a past that threatens to destroy his present.",6.3
Bride Hard,"Action, Comedy","Rebel Wilson, Anna Camp, Anna Chlumsky",Simon West,"Sam is a secret agent whose toughest mission to date is pleasing her bride-to-be best friend at a lavish destination wedding. When a team of mercenaries crashes the party and takes the guests hostage, Sam is thrown into a fight unlike any before — one where she can’t risk blowing her cover or ruining the big day. As she takes on the bad guys in a high-stakes battle disguised as a fairy-tale affair, she realizes the real threat might be closer than she thinks.",5.6
Thunderbolts*,"Action, Science Fiction, Adventure","Florence Pugh, Sebastian Stan, Julia Louis-Dreyfus",Jake Schreier,"After finding themselves ensnared in a death trap, seven disillusioned castoffs must embark on a dangerous mission that will force them to confront the darkest corners of their pasts.",7.4
Laila,"Comedy, Romance","Vishwak Sen, Akanksha Sharma, Babloo Prithiveeraj",Ram Narayan,"Sonu Model, a renowned beautician from the old city, is forced to disguise himself as Laila, leading to a series of comedic, romantic, and action-packed events. Chaos ensues in this hilarious laugh riot",5.8
F1,"Action, Drama","Brad Pitt, Damson Idris, Javier Bardem",Joseph Kosinski,Racing legend Sonny Hayes is coaxed out of retirement to lead a struggling Formula 1 team—and mentor a young hotshot driver—while chasing one more chance at glory.,7.626
Freakier Friday,"Comedy, Fantasy, Family","Lindsay Lohan, Jamie Lee Curtis, Julia Butters",Nisha Ganatra,"Years after Tess and Anna endured an identity crisis, Anna now has a daughter of her own and a soon-to-be stepdaughter. As they navigate the myriad challenges that come when two families merge, Tess and Anna discover lightning might indeed strike twice.",6.755
Nobody 2,"Action, Thriller","Bob Odenkirk, Connie Nielsen, Christopher Lloyd",Timo Tjahjanto,"Former assassin Hutch Mansell takes his family on a nostalgic vacation to a small-town theme park, only to be pulled back into violence when they clash with a corrupt operator, a crooked sheriff, and a ruthless crime boss.",7.5
Phantom,"Action, Thriller, Crime","Sul Kyung-gu, Lee Hanee, Park So-dam",Lee Hae-young,"In 1933, when Korea was under Japanese occupation, five people in Gyeongseong are suspected to be ""Phantom"" spies of the anti-Japanese organization.",6.914
Stepmom's Desire,"Drama, Romance","Lee Soo, Tae Hee, James",Lee Dong-Joon,"Sang-jin, who was envious of her neighbor after getting a beautiful wife, Ask your wife's friend Gian to take over the son's extracurricular teacher, Sang-jin, who left work early, accidentally sees Gian's shower. A man who wants to have sex with his son's tutor, And a son who wants to have a good time with a young stepmom, Ji-an and Jin-hee, who want money, are disappointed with her husband, and Bin-jin gives her body to a young son.",7.138
Bring Her Back,Horror,"Billy Barratt, Sally Hawkins, Mischa Heywood","Michael Philippou, Danny Philippou","Following the death of their father, a brother and sister are introduced to their new sibling by their foster mother, only to learn that she has a terrifying secret.",7.436
Guns Up,"Action, Comedy, Crime","Kevin James, Christina Ricci, Luis Guzmán",Edward Drake,"When a job goes horribly wrong, an ex-cop and family man who moonlights as a mob henchman has one night to get his family out of the city.",6.831
Man with No Past,"Action, Drama","Jon Voight, Adam Woodward, Marton Csokas",James Bamford,"Waking up in an unfamiliar city, a man with no memory must confront the mysteries of his own identity. However, his desperate search to uncover the past pits him against a powerful enemy, leading to a showdown that ultimately reveals the truth.",6.6
The Bad Guys 2,"Animation, Family, Comedy, Crime, Adventure","Sam Rockwell, Marc Maron, Craig Robinson",Pierre Perifel,"The now-reformed Bad Guys are trying (very, very hard) to be good, but instead find themselves hijacked into a high-stakes, globe-trotting heist, masterminded by a new team of criminals they never saw coming: The Bad Girls.",7.506
Ne Zha,"Animation, Fantasy, Adventure","Lu Yanting, Joseph, Han Mo",Yang Yu,"A young boy is born as the reincarnation of a demonic power, into a society that hates and fears him. Destined by prophecy to bring destruction to the world, Nezha must choose between good and evil to see if he can change his fate.",7.915
A Minecraft Movie,"Family, Fantasy, Comedy, Adventure, Action","Jason Momoa, Jack Black, Sebastian Eugene Hansen",Jared Hess,"Four misfits find themselves struggling with ordinary problems when they are suddenly pulled through a mysterious portal into the Overworld: a bizarre, cubic wonderland that thrives on imagination. To get back home, they'll have to master this world while embarking on a magical quest with an unexpected, expert crafter, Steve.",6.4
Skin. Like. Sun.,Romance,"Wim van Damme, Floor Wyns","Jennifer Lyon Bell, Murielle Scherre","Real-life young couple Wim and Floor spend an afternoon in the sunwashed rooms of a crumbling home in Belgium. In a unique twist, this artistic erotic documentary is edited in nearly real-time. In the slowness, we get the build, the sweetness, and the sexiness. Forget about fingersnapping fast editing. Slow is where it’s at.",6.014
Jokōsei torio: seikan shiken,"Romance, Drama","Kei Ogawa, Asami Morikawa, Nana Asada",Nobuaki Shirai,"Three high school girls. One is experienced, one has fantasies and one is curious. What more will they learn before graduation?",6.6
Abraham's Boys,Horror,"Titus Welliver, Jocelin Donahue, Brady Hepner",Natasha Kermani,"Max and Rudy Van Helsing have spent their lives under the strict and overprotective rule of their father, Abraham. Unaware of his dark past, they struggle to understand his paranoia and increasingly erratic behavior. But when they begin to uncover the violent truths behind their father’s history with Dracula, their world unravels, forcing them to confront the terrifying legacy they were never meant to inherit.",5.143
Materialists,"Romance, Drama","Dakota Johnson, Chris Evans, Pedro Pascal",Celine Song,"A young, ambitious New York City matchmaker finds herself torn between the perfect match and her imperfect ex.",6.71
Night,Animation,"Hiam Abbass, Rafia Aridi, Salma Saleh",Ahmad Saleh,Night has to trick the mother of the missing child into sleeping to save her soul.,10.0
A Working Man,"Action, Crime, Thriller","Jason Statham, Jason Flemyng, Merab Ninidze",David Ayer,"Levon Cade left behind a decorated military career in the black ops to live a simple life working construction. But when his boss's daughter, who is like family to him, is taken by human traffickers, his search to bring her home uncovers a world of corruption far greater than he ever could have imagined.",6.706
Guns Up,"Action, Comedy, Crime","Kevin James, Christina Ricci, Luis Guzmán",Edward Drake,"When a job goes horribly wrong, an ex-cop and family man who moonlights as a mob henchman has one night to get his family out of the city.",6.831
Abraham's Boys,Horror,"Titus Welliver, Jocelin Donahue, Brady Hepner",Natasha Kermani,"Max and Rudy Van Helsing have spent their lives under the strict and overprotective rule of their father, Abraham. Unaware of his dark past, they struggle to understand his paranoia and increasingly erratic behavior. But when they begin to uncover the violent truths behind their father’s history with Dracula, their world unravels, forcing them to confront the terrifying legacy they were never meant to inherit.",5.143
Borders of Love,"Drama, Romance","Hana Vagnerová, Matyáš Řezníček, Eliška Křenková",Tomasz Wiński,"After years together, Petr and Hana, partners in work and in life, share their unspoken erotic fantasies. What begins as an innocent conversation gradually turns into curious experimentation with a non-monogamous approach to their relationship. But sexual freedom tastes differently for each of them. Without resorting to exploitation, Tomasz Wiński’s feature debut considers questions that are taboo for many couples. Borders of Love explores not only various forms of intimacy but also ways of depicting it on the big screen, since, among others, the protagonists themselves film each other on their mobile phones. Appearing in the main roles are Matyáš Řezníček and Hana Vagnerová, who collaborated on the film’s story and script as well.",6.136
The Ritual,"Horror, Drama, Thriller","Dan Stevens, Abigail Cowen, Al Pacino",David Midell,"Two priests, one in crisis with his faith and the other confronting a turbulent past, must overcome their differences to perform a risky exorcism.",5.815
Heads of State,"Action, Thriller, Comedy","John Cena, Idris Elba, Priyanka Chopra Jonas",Ilya Naishuller,"The UK Prime Minister and US President have a public rivalry that risks their countries' alliance. But when they become targets of a powerful enemy, they're forced to rely on each other as they go on a wild, multinational run. Allied with Noel, a brilliant MI6 agent, they must find a way to thwart a conspiracy that threatens the free world.",6.934
Moana 2,"Animation, Adventure, Family, Comedy","Auliʻi Cravalho, Dwayne Johnson, Hualālai Chung","David G. Derrick Jr., Jason Hand, Dana Ledoux Miller","After receiving an unexpected call from her wayfinding ancestors, Moana journeys alongside Maui and a new crew to the far seas of Oceania and into dangerous, long-lost waters for an adventure unlike anything she's ever faced.",7.049
Fate/stay night: Heaven's Feel III. Spring Song,"Animation, Romance, Fantasy, Action, Drama","Noriaki Sugiyama, Noriko Shitaya, Ayako Kawasumi",Tomonori Sudo,"As Sakura drowns in the murky darkness of the sins she has committed, Shirou's vow to protect her at all costs leads him into a raging battle to put an end to the Holy Grail War.  Will Shirou's wish reach Sakura even as he challenges fate itself in a desperate battle against the rising tide?",7.725
Cazadoras de Millonarios,Romance,"Isabel Burr, Alicia Machado, Verónica Montes",Héctor Rodríguez,,6.75
Almost Cops,"Action, Comedy, Crime, Mystery","Jandino Asporaat, Werner Kolf, Mark Rietman",Gonzalo Fernandez Carmona,"When an overeager community officer and a reckless ex-detective are forced to team up, plenty of chaos ensues on the streets of Rotterdam.",5.914
The Old Guard 2,"Action, Fantasy","Charlize Theron, KiKi Layne, Matthias Schoenaerts",Victoria Mahoney,Andy and her team of immortal warriors fight with renewed purpose as they face a powerful new foe threatening their mission to protect humanity.,6.022
Fixed,"Animation, Comedy","Adam Devine, Idris Elba, Kathryn Hahn",Genndy Tartakovsky,"After learning he's getting neutered, a dog has 24 hours to squeeze in one last balls-to-the-wall adventure with the boys.",6.5
Dangerous Animals,"Horror, Thriller","Hassie Harrison, Jai Courtney, Josh Heuston",Sean Byrne,"A savvy and free-spirited surfer is abducted by a shark-obsessed serial killer. Held captive on his boat, she must figure out how to escape before he carries out a ritualistic feeding to the sharks below.",6.469
Kaiju No. 8: Mission Recon,"Animation, Action, Science Fiction","Masaya Fukunishi, Wataru Katoh, Fairouz Ai","Shigeyuki Miya, Tomomi Kamiya","In a Kaiju-filled Japan, Kafka Hibino works in monster disposal. After reuniting with his childhood friend Mina Ashiro, a rising star in the anti-Kaiju Defense Force, he decides to pursue his abandoned dream of joining the Force, when he suddenly transforms into the powerful ""Kaiju No. 8."" An action-packed recap of the first season of Kaiju No. 8 and a new original episode, Hoshina's Day Off.",7.833
My Fault,"Romance, Drama","Nicole Wallace, Gabriel Guevara, Marta Hazas",Domingo González,"Noah must leave her city, boyfriend, and friends to move into William Leister's mansion, the flashy and wealthy husband of her mother Rafaela. As a proud and independent 17 year old, Noah resists living in a mansion surrounded by luxury. However, it is there where she meets Nick, her new stepbrother, and the clash of their strong personalities becomes evident from the very beginning.",7.786
Un Reino Para Todos Nosotros,"Animation, Adventure, Science Fiction",,Miguel Ángel Uriegas,"Fran and Serendín are brothers and live in the Gran Arrabal. They both dream of one day leaving their town and traveling to The Kingdom, a paradise on earth sheltered behind great walls.For that they will have to ride The Beast, a huge creature that merchants use to transport goods to The Kingdom. An unexpected situation complicates Fran and Serendín's plans, separating them.Sister and brother will embark on an adventure to meet again and at the same time find themselves, in a fantastic world divided by visible and invisible borders.",6.0
The Naked Gun,"Comedy, Crime, Action","Liam Neeson, Pamela Anderson, Paul Walter Hauser",Akiva Schaffer,Only one man has the particular set of skills... to lead Police Squad and save the world: Lt. Frank Drebin Jr.,6.885
Angels Fallen: Warriors of Peace,"Horror, Action, Fantasy, Adventure","Josh Burdett, Arifin Putra, Cuba Gooding Jr.",Ali Zamani,"When an Iraq War veteran receives a calling from a higher power, he embarks on a mission to stop a fallen angel from raising an army of the dead to take over the world.",5.927
The Amateur,"Thriller, Action","Rami Malek, Holt McCallany, Danny Sapani",James Hawes,"After his life is turned upside down when his wife is killed in a London terrorist attack, a brilliant but introverted CIA decoder takes matters into his own hands when his supervisors refuse to take action.",6.996
Together,Horror,"Dave Franco, Alison Brie, Damon Herriman",Michael Shanks,"With a move to the countryside already testing the limits of a couple's relationship, a supernatural encounter begins an extreme transformation of their love, their lives, and their flesh.",7.356
Ligaw,"Drama, Romance","Robb Guinto, Ali Asistio, JC Tan",Omar Daroca,"A sultry woman who charms the hearts of men in a remote province. Dolores, a devoted wife to her paraplegic husband, falls for a young mountaineer. What begins as a reckless escape turns into an affair drenched in passion and secrecy.",6.3
Everyone Is Going to Die,"Horror, Thriller, Drama","Jaime Winstone, Brad Moore, Chiara D'Anna",Craig Tuohy,"On his daughter's birthday, a wealthy father's reconciliation attempt is hijacked by two female burglars. A shakedown evolves into a lethal cat-and-mouse as hidden motives emerge, culminating in a life-altering revelation.",5.346
Hook,Horror,"Kelly Rian Sanson, Stephen Staley, Charlotte Coleman",Andrea M. Catinella,"Driven by a hallucinogenic drug and a thirst for revenge, James Hook murders John Darling and loses his hand to Peter Pan. Eighteen years later, Wendy, now married to Peter, has a daughter, Lily. Lily discovers Hook is her biological father, leading her to a remote birthday retreat. Hook escapes prison and embarks on a killing spree, targeting Lily and her friends at the manor.",5.8
Elio,"Animation, Family, Comedy, Adventure, Science Fiction","Yonas Kibreab, Zoe Saldaña, Remy Edgerly","Madeline Sharafian, Domee Shi, Adrian Molina","Elio, a space fanatic with an active imagination, finds himself on a cosmic misadventure where he must form new bonds with eccentric alien lifeforms, navigate a crisis of intergalactic proportions and somehow discover who he is truly meant to be.",6.8
Sonic the Hedgehog 3,"Action, Science Fiction, Comedy, Family","Jim Carrey, Ben Schwartz, Keanu Reeves",Jeff Fowler,"Sonic, Knuckles, and Tails reunite against a powerful new adversary, Shadow, a mysterious villain with powers unlike anything they have faced before. With their abilities outmatched in every way, Team Sonic must seek out an unlikely alliance in hopes of stopping Shadow and protecting the planet.",7.678
Mission: Impossible - Dead Reckoning Part One,"Action, Adventure, Thriller","Tom Cruise, Hayley Atwell, Ving Rhames",Christopher McQuarrie,"Ethan Hunt and his IMF team embark on their most dangerous mission yet: To track down a terrifying new weapon that threatens all of humanity before it falls into the wrong hands. With control of the future and the world's fate at stake and dark forces from Ethan's past closing in, a deadly race around the globe begins. Confronted by a mysterious, all-powerful enemy, Ethan must consider that nothing can matter more than his mission—not even the lives of those he cares about most.",7.524
Captain America: Brave New World,"Action, Thriller, Science Fiction","Anthony Mackie, Harrison Ford, Danny Ramirez",Julius Onah,"After meeting with newly elected U.S. President Thaddeus Ross, Sam finds himself in the middle of an international incident. He must discover the reason behind a nefarious global plot before the true mastermind has the entire world seeing red.",6.0
Snoopy Presents: A Summer Musical,"Animation, Family","Etienne Kellici, Hattie Kragten, Terry McGurrin",Erik Wiese,"Music and glee fill the air as Charlie Brown and the gang head off to summer camp. First-timer Sally doesn't get what all the hype is about. But when the camp may be forced to close, they team up to save it so more kids can make their own special memories.",8.222
Kiss and Kill,"Mystery, Thriller, Romance","Kira Noir, Eve Marlowe, Damian T. Raven",Dean McKendrick,"A reckless night of indiscretion and lust leads a woman into the dark world of blackmail and murder. When revealing photos of her sexual tryst unexpectedly surface, Katy is forced to submit to whatever her tormentors desire.",5.4
Inside Out 2,"Animation, Adventure, Comedy, Family","Amy Poehler, Maya Hawke, Kensington Tallman",Kelsey Mann,"Teenager Riley's mind headquarters is undergoing a sudden demolition to make room for something entirely unexpected: new Emotions! Joy, Sadness, Anger, Fear and Disgust, who’ve long been running a successful operation by all accounts, aren’t sure how to feel when Anxiety shows up. And it looks like she’s not alone.",7.6
Sinners,"Horror, Action, Thriller","Michael B. Jordan, Hailee Steinfeld, Miles Caton",Ryan Coogler,"Trying to leave their troubled lives behind, twin brothers return to their hometown to start again, only to discover that an even greater evil is waiting to welcome them back.",7.5
Interstellar,"Adventure, Drama, Science Fiction","Matthew McConaughey, Anne Hathaway, Michael Caine",Christopher Nolan,The adventures of a group of explorers who make use of a newly discovered wormhole to surpass the limitations on human space travel and conquer the vast distances involved in an interstellar voyage.,8.5
Deadpool & Wolverine,"Action, Comedy, Science Fiction","Ryan Reynolds, Hugh Jackman, Emma Corrin",Shawn Levy,"A listless Wade Wilson toils away in civilian life with his days as the morally flexible mercenary, Deadpool, behind him. But when his homeworld faces an existential threat, Wade must reluctantly suit-up again with an even more reluctant Wolverine.",7.6
The Accountant²,"Mystery, Crime, Thriller","Ben Affleck, Jon Bernthal, Cynthia Addai-Robinson",Gavin O'Connor,"When an old acquaintance is murdered, Wolff is compelled to solve the case. Realizing more extreme measures are necessary, Wolff recruits his estranged and highly lethal brother, Brax, to help. In partnership with Marybeth Medina, they uncover a deadly conspiracy, becoming targets of a ruthless network of killers who will stop at nothing to keep their secrets buried.",7.2
Homo Argentum,Comedy,"Guillermo Francella, Clara Kovacic, Eva De Dominici","Mariano Cohn, Gastón Duprat","The film consists of 16 shorts that explore, with humor and social criticism, the characteristics of the Argentine identity.",5.0
The Gorge,"Romance, Science Fiction, Thriller","Miles Teller, Anya Taylor-Joy, Sigourney Weaver",Scott Derrickson,"Two highly trained operatives grow close from a distance after being sent to guard opposite sides of a mysterious gorge. When an evil below emerges, they must work together to survive what lies within.",7.7
Despicable Me 4,"Family, Comedy, Animation, Science Fiction","Steve Carell, Kristen Wiig, Will Ferrell",Chris Renaud,"Gru and Lucy and their girls—Margo, Edith and Agnes—welcome a new member to the Gru family, Gru Jr., who is intent on tormenting his dad. Gru also faces a new nemesis in Maxime Le Mal and his femme fatale girlfriend Valentina, forcing the family to go on the run.",7.026
Coolie,"Action, Thriller, Crime","Rajinikanth, Nagarjuna Akkineni, Soubin Shahir",Lokesh Kanagaraj,A mysterious man takes a stand against a corrupt syndicate exploiting and abusing the workers of a port town.,5.7
Sorority,"Drama, Romance","Azi Acosta, Apple Dy, Rinoa Halili",Sigrid Polon,"A tale of seduction and mystery. A fearless pre-law student joins an elite sorority led by a powerful heiress. As secrets unfold, she’s torn between the woman who awakened her desire and a truth that could destroy them both.",6.0
Doble Traición,Thriller,"Litzy Domínguez, David Chocarro, Rodolfo Salas",Héctor Rodríguez,,8.0
Predator: Killer of Killers,"Animation, Action, Science Fiction, Thriller","Lindsay LaVanchy, Louis Ozawa, Rick Gonzalez",Dan Trachtenberg,"While three of the fiercest warriors in human history—a Viking raider, a ninja in feudal Japan, and a WWII pilot—are killers in their own right, they are merely prey for their new opponent: the ultimate killer of killers.",7.919
The Green Dinosaur,"Animation, Family, Adventure, Fantasy, Comedy","Mikołaj Wachowski, Borys Szyc, Małgorzata Kożuchowska",Wojtek Wawszczyk,"When the world around him is mysteriously erased, a little green dinosaur named Diplodocus must travel through the pages of a comic book and adventure through time to bring color back to his land. Alongside a wizard and two scientists, Diplo’s plans go awry as he learns that there may be a dimension to his world that he never considered.",7.2
Clown in a Cornfield,"Horror, Mystery, Thriller","Katie Douglas, Aaron Abrams, Carson MacCormac",Eli Craig,"Quinn and her father have just moved to the quiet town of Kettle Springs hoping for a fresh start. Instead, she discovers a fractured community that has fallen on hard times after the treasured Baypen Corn Syrup Factory burned down. As the locals bicker amongst themselves and tensions boil over, a sinister, grinning figure emerges from the cornfields to cleanse the town of its burdens, one bloody victim at a time.",6.292
Kalakal,"Drama, Romance","Aliya Raymundo, Gold Aceron, Jero Flores",Roman Perez Jr.,"A seductive female garbage collector who embraces the life of an escort lady. Desperate to live a comfortable life, she leaves the dumpsite and enters the club. But can she also dump both her brother and her lover who remind her of her past?",6.6
Queen of Bones,"Mystery, Drama, Thriller, Horror","Julia Butters, Jacob Tremblay, Martin Freeman",Robert Budreau,Twin siblings seek answers about their mother's death and her connection to the supernatural while living on a remote homestead with their father in 1931 Oregon.,8.0
The Girl with the Needle,"Drama, History","Vic Carmen Sonne, Trine Dyrholm, Besir Zeciri",Magnus von Horn,"Struggling to survive in post-WWI Copenhagen, a newly unemployed and pregnant young woman is taken in by a charismatic elder to help run an underground adoption agency. The two form an unexpected bond, until a sudden discovery changes everything.",7.625
Dora and the Search for Sol Dorado,"Adventure, Comedy, Family","Samantha Lorraine, Jacob Rodriguez, Mariana Garzón Toro",Alberto Belli,"Dora, Diego, and their new friends trek through the perilous dangers of the Amazonian jungle in search of the ancient and powerful treasure of Sol Dorado to keep it out of enemy hands.",6.8
The Avengers,"Science Fiction, Action, Adventure","Robert Downey Jr., Chris Evans, Mark Ruffalo",Joss Whedon,"When an unexpected enemy emerges and threatens global safety and security, Nick Fury, director of the international peacekeeping agency known as S.H.I.E.L.D., finds himself in need of a team to pull the world back from the brink of disaster. Spanning the globe, a daring recruitment effort begins!",7.789
The Shadow's Edge,"Action, Crime, Thriller","Jackie Chan, Zhang Zifeng, Tony Leung Ka-fai",Larry Yang,Macau Police brings the tracking expert police officer out of retirement to help catch a dangerous group of professional thieves.,7.3
365 Days: This Day,"Romance, Drama","Anna-Maria Sieklucka, Michele Morrone, Simone Susinna","Tomasz Mandes, Barbara Białowąs","Laura and Massimo are back and hotter than ever. But the reunited couple's new beginning is complicated by Massimo’s family ties and a mysterious man who enters Laura’s life to win her heart and trust, at any cost.",5.9
T.I.M.,"Science Fiction, Thriller, Horror","Eamon Farren, Georgina Campbell, Nathaniel Parker",Spencer Brown,"Prosthetics scientist Abi and her adulterous husband Paul adjust to life outside the city as Abi begins working for high-tech company Integrate, developing a humanoid AI - T.I.M.",5.7
Harry Potter and the Philosopher's Stone,"Adventure, Fantasy","Daniel Radcliffe, Rupert Grint, Emma Watson",Chris Columbus,"Harry Potter has lived under the stairs at his aunt and uncle's house his whole life. But on his 11th birthday, he learns he's a powerful wizard—with a place waiting for him at the Hogwarts School of Witchcraft and Wizardry. As he learns to harness his newfound powers with the help of the school's kindly headmaster, Harry uncovers the truth about his parents' deaths—and about the villain who's to blame.",7.902
The Adolescent,Drama,"Simone Signoret, Francis Huster, Laetitia Chauveau",Jeanne Moreau,"In the summer of 1939, 13-year-old Marie goes with her parents to visit her grandparents in a small town near Avignon. Marie discovers her femininity and falls for a young Jewish doctor, but he prefers Eva, Marie's mother.",5.0
Weekend,"Comedy, Drama","Jazmín Stuart, Rafael Spregelburd, Jorge Prado",Agustín Rolandelli,,7.5
The Shawshank Redemption,"Drama, Crime","Tim Robbins, Morgan Freeman, Bob Gunton",Frank Darabont,"Imprisoned in the 1940s for the double murder of his wife and her lover, upstanding banker Andy Dufresne begins a new life at the Shawshank prison, where he puts his accounting skills to work for an amoral warden. During his long stretch in prison, Dufresne comes to be admired by the other inmates -- including an older prisoner named Red -- for his integrity and unquenchable sense of hope.",8.712
All in Favor,Drama,"Raúl Fernández de Pablo, Clara Lago, Tito Valverde",Santiago Requejo,"At a downtown Madrid building, an ordinary meeting of neighbors commune to vote on a change of elevator. However, the event escalates into a full-blown conflict after the unexpected announcement that a new, mentally ill tenant will rent an apartment.",6.444
Spider-Man: No Way Home,"Action, Adventure, Science Fiction","Tom Holland, Zendaya, Benedict Cumberbatch",Jon Watts,"Peter Parker is unmasked and no longer able to separate his normal life from the high-stakes of being a super-hero. When he asks for help from Doctor Strange the stakes become even more dangerous, forcing him to discover what it truly means to be Spider-Man.",7.9
Fréwaka,Horror,"Clare Monnelly, Bríd Ní Neachtain, Alexandra Bustryzhickaya",Aislinn Clarke,"Care worker Shoo, who is haunted by a personal tragedy, is sent to a remote village to care for an agoraphobic woman, who fears both her neighbours and the Na Sídhe – sinister folkloric entities she believes abducted her decades before.",7.2
Norma: Antara Mertua dan Menantu,"Drama, Romance","Tissa Biani, Wulan Guritno, Yusuf Mahardika",Guntur Soeharjanto,"When a young woman learns of an affair between her mother and her husband, she faces a difficult decision: forgive or seek justice.",7.9
Long Distance,"Science Fiction, Comedy, Action","Anthony Ramos, Naomi Scott, Kristofer Hivju","Will Speck, Josh Gordon","After crash-landing on an alien planet, an asteroid miner must contend with the challenges of his new surroundings, while making his way across the harsh terrain to the only other survivor – a woman who is trapped in her escape pod.",6.473
Venom: The Last Dance,"Action, Science Fiction, Adventure","Tom Hardy, Chiwetel Ejiofor, Juno Temple",Kelly Marcel,"Eddie and Venom are on the run. Hunted by both of their worlds and with the net closing in, the duo are forced into a devastating decision that will bring the curtains down on Venom and Eddie's last dance.",6.714
Parasite,"Comedy, Thriller, Drama","Song Kang-ho, Lee Sun-kyun, Cho Yeo-jeong",Bong Joon Ho,"All unemployed, Ki-taek's family takes peculiar interest in the wealthy and glamorous Parks for their livelihood until they get entangled in an unexpected incident.",8.498
The Ugly Stepsister,"Horror, Comedy, Fantasy, Drama","Lea Myren, Ane Dahl Torp, Thea Sofie Loch Næss",Emilie Blichfeldt,"In a fairy-tale kingdom where beauty is a brutal business, Elvira battles to compete with her incredibly beautiful stepsister, and she will go to any length to catch the prince’s eye.",7.239
Your Fault,"Romance, Drama","Nicole Wallace, Gabriel Guevara, Marta Hazas",Domingo González,The love between Noah and Nick seems unwavering despite their parents' attempts to separate them. But his job and her entry into college open up their lives to new relationships that will shake the foundations of both their relationship and the Leister family itself.,7.137
Mufasa: The Lion King,"Adventure, Family, Animation","Aaron Pierre, Kelvin Harrison, Jr., Tiffany Boone",Barry Jenkins,"Mufasa, a cub lost and alone, meets a sympathetic lion named Taka, the heir to a royal bloodline. The chance meeting sets in motion an expansive journey of a group of misfits searching for their destiny.",7.4
Dune: Part Two,"Science Fiction, Adventure","Timothée Chalamet, Zendaya, Rebecca Ferguson",Denis Villeneuve,"Follow the mythic journey of Paul Atreides as he unites with Chani and the Fremen while on a path of revenge against the conspirators who destroyed his family. Facing a choice between the love of his life and the fate of the known universe, Paul endeavors to prevent a terrible future only he can foresee.",8.137
Snow White,"Family, Fantasy","Rachel Zegler, Gal Gadot, Andrew Burnap",Marc Webb,"Following the benevolent King's disappearance, the Evil Queen dominated the once fair land with a cruel streak. Princess Snow White flees the castle when the Queen, in her jealousy over Snow White's inner beauty, tries to kill her. Deep into the dark woods, she stumbles upon seven magical dwarves and a young bandit named Jonathan. Together, they strive to survive the Queen's relentless pursuit and aspire to take back the kingdom.",4.308
Avengers: Infinity War,"Adventure, Action, Science Fiction","Robert Downey Jr., Chris Evans, Chris Hemsworth","Anthony Russo, Joe Russo","As the Avengers and their allies have continued to protect the world from threats too large for any one hero to handle, a new danger has emerged from the cosmic shadows: Thanos. A despot of intergalactic infamy, his goal is to collect all six Infinity Stones, artifacts of unimaginable power, and use them to inflict his twisted will on all of reality. Everything the Avengers have fought for has led up to this moment - the fate of Earth and existence itself has never been more uncertain.",8.236
Stolen: Heist of the Century,"Documentary, Crime","Agim De Bruycker, Patrick Peys, Annie Lauwers",Mark Lewis,"Antwerp, 2003. A gang of thieves rob the impenetrable Diamond Center. Who was behind one of the world's biggest heists - and how did they pull it off?",7.563
The Girl Downstairs Extra: Promised Future,"Animation, Comedy, Drama, Romance","Cai Na, Su Shangqing, Qing Liu",Dong Yi,"Freshman Yuan Juntang applied to Minsong University in order to get closer to Zhu Zhu, whom he has had a crush on. At the university, he meets Li Shiya who used to be his idol, and takes a temporary absence from school.",10.0
Game On,"Comedy, Adventure","Marouane Meftah, Gio Latooy, Horace Cohen",Roy Poortmans,"Issam has one dream: to become a pro gamer. When his grades start to fail again, his mother has only one solution: she throws his computer in the trash, and his world collapses. What Issam doesn't know is that at that very moment, the real world is about to collapse as well. Malicious AI has taken over the newly opened arcade and brought the gaming world into the real world. Less than a few hours later, the BIVD (Supernatural Intelligence and Security Service) arrives at his door. Issam, along with the top eight gamers in the world, including his idol, Ripvis, must battle through five real-life game levels to defeat the AI. Will they be able to combine their skills and save the world?",5.0
Alien: Romulus,"Horror, Science Fiction","Cailee Spaeny, David Jonsson, Archie Renaux",Fede Álvarez,"While scavenging the deep ends of a derelict space station, a group of young space colonizers come face to face with the most terrifying life form in the universe.",7.2
Yakuza bayashi,,"Mariko Okada, Koji Tsuruta, Seizaburō Kawazu",Masahiro Makino,Makino Masahiro film starring Okada Mariko,10.0
Fast X,"Action, Crime, Thriller, Adventure, Mystery","Vin Diesel, Michelle Rodriguez, Tyrese Gibson",Louis Leterrier,"Over many missions and against impossible odds, Dom Toretto and his family have outsmarted, out-nerved and outdriven every foe in their path. Now, they confront the most lethal opponent they've ever faced: A terrifying threat emerging from the shadows of the past who's fueled by blood revenge, and who is determined to shatter this family and destroy everything—and everyone—that Dom loves, forever.",7.034
Kayara,"Animation, Adventure, Family","Naomi Serrano, Nate Begle, Charles Gonzales",Cesar Zelada,"A courageous and athletic teenager, Kayara dreams that she is destined to be the first female to break into the league of Chasquis - the official messengers of the Incan empire. As she learns what it takes to be a Chasqui along with its challenges, she tackles every mission she gets and discovers the ancient stories of her land and her people.",7.603
Hotel Desire,"Drama, Romance","Saralisa Volm, Clemens Schick, Jan-Gregor Kremp",Sergej Moya,"Antonia is a single mother who works as a hotel maid in Berlin. A normal hot summer day takes a dramatic turn when she crosses paths with a particular guest of the hotel, famous blind portrait painter Julius Pass.",6.2
The Substance,"Drama, Horror, Science Fiction","Demi Moore, Margaret Qualley, Dennis Quaid",Coralie Fargeat,"A fading celebrity decides to use a black market drug, a cell-replicating substance that temporarily creates a younger, better version of herself.",7.1
Mamá Reinventada,Comedy,"Erika Buenfil, Michelle Renaud, Nicolasa Ortíz Monasterio","Bonnie Cartas, Joaquin Russek","Marina decides to take Patricia, her mother, to live with her, who believes that she should behave like the widow she is now. Living with Marina, he realizes that there are many things to do. Both find a new world to explore.",8.5
The Wild Robot,"Animation, Science Fiction, Family","Lupita Nyong'o, Pedro Pascal, Kit Connor",Chris Sanders,"After a shipwreck, an intelligent robot called Roz is stranded on an uninhabited island. To survive the harsh environment, Roz bonds with the island's animals and cares for an orphaned baby goose.",8.318
Muromachi Burai,"Action, Drama","Yo Oizumi, Kento Nagao, Wakana Matsumoto",Yu Irie,"Set in war-torn 15th century Kyoto, on the eve of the Onin War, the movie centers on a band of outlaws led by Hyoe (Oizumi) a scoundrel whose lethal sword skills place him at the tip of the spear in a deadly uprising against the corrupt Shogunate and its army, led by former friend-turned-archrival, Doken (Tsutsumi).",9.0
Nobody,"Action, Thriller","Bob Odenkirk, Aleksey Serebryakov, Connie Nielsen",Ilya Naishuller,"Hutch Mansell, a suburban dad, overlooked husband, nothing neighbor — a ""nobody."" When two thieves break into his home one night, Hutch's unknown long-simmering rage is ignited and propels him on a brutal path that will uncover dark secrets he fought to leave behind.",7.916
The Godfather,"Drama, Crime","Marlon Brando, Al Pacino, James Caan",Francis Ford Coppola,"Spanning the years 1945 to 1955, a chronicle of the fictional Italian-American Corleone crime family. When organized crime family patriarch, Vito Corleone barely survives an attempt on his life, his youngest son, Michael steps in to take care of the would-be killers, launching a campaign of bloody revenge.",8.687
The Conjuring: Last Rites,Horror,"Vera Farmiga, Patrick Wilson, Mia Tomlinson",Michael Chaves,Paranormal investigators Ed and Lorraine Warren take on one last terrifying case involving mysterious entities they must confront.,0.0
Warfare,"War, Action","D'Pharaoh Woon-A-Tai, Will Poulter, Cosmo Jarvis","Ray Mendoza, Alex Garland","A platoon of Navy SEALs embarks on a dangerous mission in Ramadi, Iraq, with the chaos and brotherhood of war retold through their memories of the event.",7.119
Freaky Friday,"Family, Fantasy, Comedy","Lindsay Lohan, Jamie Lee Curtis, Harold Gould",Mark Waters,"Mother and daughter bicker over everything -- what Anna wears, whom she likes and what she wants to do when she's older. In turn, Anna detests Tess's fiancé. When a magical fortune cookie switches their personalities, they each get a peek at how the other person feels, thinks and lives.",6.5
My Fault: London,"Romance, Drama","Asha Banks, Matthew Broome, Eve Macklin","Dani Girdwood, Charlotte Fassler","18-year-old Noah moves from America to London, with her mother who's recently fallen in love with William, a wealthy British businessman. Noah meets William’s son, bad-boy Nick, and soon discovers there is an attraction between them neither can avoid. As Noah spends the summer adjusting to her new life, her devastating past will catch up with her while falling in love for the first time.",7.483
The Maze Runner,"Action, Mystery, Science Fiction, Thriller","Dylan O'Brien, Kaya Scodelario, Aml Ameen",Wes Ball,"Set in a post-apocalyptic world, young Thomas is deposited in a community of boys after his memory is erased, soon learning they're all trapped in a maze that will require him to join forces with fellow “runners” for a shot at escape.",7.192
The Bad Guys,"Family, Comedy, Crime, Adventure, Animation","Sam Rockwell, Marc Maron, Awkwafina",Pierre Perifel,"When the Bad Guys, a crew of criminal animals, are finally caught after years of heists and being the world’s most-wanted villains, Mr. Wolf brokers a deal to save them all from prison.",7.5
The Twisters,"Action, Adventure, Drama","Tiffany, Mark Justice, Kayla Fields",Michael Su,"A deadly patchwork of destructive cyclones is on an apocalyptic path of convergence at a populated Midwest city center. There, the twisters will merge into one mega tornado that threatens to obliterate the cities for hundreds of miles around.",5.813
Iron Man 2,"Adventure, Action, Science Fiction","Robert Downey Jr., Gwyneth Paltrow, Don Cheadle",Jon Favreau,"With the world now aware of his dual life as the armored superhero Iron Man, billionaire inventor Tony Stark faces pressure from the government, the press and the public to share his technology with the military. Unwilling to let go of his invention, Stark, with Pepper Potts and James 'Rhodey' Rhodes at his side, must forge new alliances – and confront powerful enemies.",6.8
Kung Fu Panda 4,"Animation, Family, Action, Comedy, Adventure, Fantasy","Jack Black, Awkwafina, Viola Davis",Mike Mitchell,"Po is gearing up to become the spiritual leader of his Valley of Peace, but also needs someone to take his place as Dragon Warrior. As such, he will train a new kung fu practitioner for the spot and will encounter a villain called the Chameleon who conjures villains from the past.",7.1
Portals,"Horror, Science Fiction","Deanna Russo, Neil Hopkins, Michele Weaver","Liam O'Donnell, Eduardo Sánchez, Gregg Hale, Timo Tjahjanto",A series of worldwide blackouts cause millions of mysterious cosmic anomalies to appear everywhere across the planet. Some people are drawn into them with horrifying consequences.,3.88
The Dark Knight,"Drama, Action, Crime, Thriller","Christian Bale, Heath Ledger, Aaron Eckhart",Christopher Nolan,"Batman raises the stakes in his war on crime. With the help of Lt. Jim Gordon and District Attorney Harvey Dent, Batman sets out to dismantle the remaining criminal organizations that plague the streets. The partnership proves to be effective, but they soon find themselves prey to a reign of chaos unleashed by a rising criminal mastermind known to the terrified citizens of Gotham as the Joker.",8.522
Couple Exchange,Romance,"Min Jo-ah, Do Hee, Min Do-yoon",Jang Kwon,"Nan-hee, who wants to enjoy her newlywed life, feels something wrong with her husband, Moo-yeong's body. No matter how much she tries to seduce him every night, Moo-yeong is unable to use his strength. One day, Nan-hee's high school classmate Yoo-na moves in next door. Nan-hee begins to heal Moo-yeong through Yoo-na's shocking suggestion.",9.5
Triangle,"Drama, Romance","Mariane Saint, Marlon Marcia, Skye Gonzaga",Jojo Nadela,"Story about a happily married couple visited by an old friend, who ends up stirring the pot by becoming sexually involved with both the husband and the wife.",6.0
Spider-Man: Homecoming,"Action, Adventure, Science Fiction","Tom Holland, Michael Keaton, Robert Downey Jr.",Jon Watts,"Following the events of Captain America: Civil War, Peter Parker, with the help of his mentor Tony Stark, tries to balance his life as an ordinary high school student in Queens, New York City, with fighting crime as his superhero alter ego Spider-Man as a new threat, the Vulture, emerges.",7.33
The Lord of the Rings: The Fellowship of the Ring,"Adventure, Fantasy, Action","Elijah Wood, Ian McKellen, Viggo Mortensen",Peter Jackson,"Young hobbit Frodo Baggins, after inheriting a mysterious ring from his uncle Bilbo, must leave his home in order to keep it from falling into the hands of its evil creator. Along the way, a fellowship is formed to protect the ringbearer and make sure that the ring arrives at its final destination: Mt. Doom, the only place where it can be destroyed.",8.4
Companion,"Horror, Science Fiction, Thriller","Sophie Thatcher, Jack Quaid, Lukas Gage",Drew Hancock,"During a weekend getaway at a secluded lakeside estate, a group of friends finds themselves entangled in a web of secrets, deception, and advanced technology. As tensions rise and loyalties are tested, they uncover unsettling truths about themselves and the world around them.",7.1
Inception,"Action, Science Fiction, Adventure","Leonardo DiCaprio, Joseph Gordon-Levitt, Ken Watanabe",Christopher Nolan,"Cobb, a skilled thief who commits corporate espionage by infiltrating the subconscious of his targets is offered a chance to regain his old life as payment for a task considered to be impossible: ""inception"", the implantation of another person's idea into a target's subconscious.",8.369
The Conjuring,"Horror, Thriller","Patrick Wilson, Vera Farmiga, Lili Taylor",James Wan,"Paranormal investigators Ed and Lorraine Warren work to help a family terrorized by a dark presence in their farmhouse. Forced to confront a powerful entity, the Warrens find themselves caught in the most terrifying case of their lives.",7.539
Ask Me What You Want,"Romance, Drama","Gabriela Andrada, Mario Ermito, Celia Freijeiro",Lucía Alemany,"After his father's death, Eric Zimmerman travels to Spain to oversee his company's branches. In Madrid, he falls for Judith and engage in an intense, erotic relationship full of exploration. However, Eric fears his secret may end their affair.",6.2
Crazy Lizard,"Action, Thriller, Horror",Sammy Sum,Cecil Man Ching Cheng,"A young man climbs into the mountains to pick up a meteorite that has fallen there and is killed by something. The ""thing"" descends to the village and begins to eat the inhabitants one by one, terrorizing the entire island.",6.4
Nudus,"Horror, Thriller, Science Fiction","Carla Hernández, Álex Crusa, Sayaka Yokoyama",Gibrán Bazán,"As she awakens from a prolonged coma, a woman is shocked to learn all the details of her life her captors her captors have access to.",7.0
Titanic,"Drama, Romance","Leonardo DiCaprio, Kate Winslet, Billy Zane",James Cameron,"101-year-old Rose DeWitt Bukater tells the story of her life aboard the Titanic, 84 years later. A young Rose boards the ship with her mother and fiancé. Meanwhile, Jack Dawson and Fabrizio De Rossi win third-class tickets aboard the ship. Rose tells the whole story from Titanic's departure through to its death—on its first and last voyage—on April 15, 1912.",7.9
Avatar,"Action, Adventure, Fantasy, Science Fiction","Sam Worthington, Zoe Saldaña, Sigourney Weaver",James Cameron,"In the 22nd century, a paraplegic Marine is dispatched to the moon Pandora on a unique mission, but becomes torn between following orders and protecting an alien civilization.",7.592
Sexy Oral: Uwakina Kuchibiru,Drama,"Seiko Mihara, Chiaki Kitahara, Kazuyo Ezaki",Isao Hayashi,A woman rejects her clingy female lover and pursues a female co-worker. The spurned lover plots revenge and the co-worker has a kinky secret.,6.0
Flow,"Animation, Adventure, Fantasy, Family",,Gints Zilbalodis,"A solitary cat, displaced by a great flood, finds refuge on a boat with various species and must navigate the challenges of adapting to a transformed world together.",8.163
Bella,Horror,"Claudio Rissi, Guillermo Pfening, Marcelo Melingo",María Laura Dariomerlo,,6.667
Flamin' Hot,"Drama, History","Jesse García, Annie Gonzalez, Emilio Rivera",Eva Longoria,"The inspiring true story of Richard Montañez, the Frito Lay janitor who channeled his Mexican American heritage and upbringing to turn the iconic Flamin' Hot Cheetos into a snack that disrupted the food industry and became a global pop culture phenomenon.",7.945
Jurassic World Dominion,"Adventure, Action, Science Fiction","Chris Pratt, Bryce Dallas Howard, Laura Dern",Colin Trevorrow,"Four years after Isla Nublar was destroyed, dinosaurs now live—and hunt—alongside humans all over the world. This fragile balance will reshape the future and determine, once and for all, whether human beings are to remain the apex predators on a planet they now share with history's most fearsome creatures.",6.6
Toy Story 2,"Animation, Comedy, Family","Tom Hanks, Tim Allen, Joan Cusack",John Lasseter,"Andy heads off to Cowboy Camp, leaving his toys to their own devices. Things shift into high gear when an obsessive toy collector named Al McWhiggen, owner of Al's Toy Barn kidnaps Woody. Andy's toys mount a daring rescue mission, Buzz Lightyear meets his match and Woody has to decide where he and his heart truly belong.",7.602
Death of a Unicorn,"Horror, Fantasy, Comedy","Paul Rudd, Jenna Ortega, Will Poulter",Alex Scharfman,"A father and daughter accidentally hit and kill a unicorn while en route to a weekend retreat, where his billionaire boss seeks to exploit the creature’s miraculous curative properties.",6.519
Fantastic Four,"Action, Fantasy, Science Fiction","Ioan Gruffudd, Jessica Alba, Chris Evans",Tim Story,"During a space voyage, four scientists are altered by cosmic rays: Reed Richards gains the ability to stretch his body; Sue Storm can become invisible; Johnny Storm controls fire; and Ben Grimm is turned into a super-strong … thing. Together, these ""Fantastic Four"" must now thwart the evil plans of Dr. Doom and save the world from certain destruction.",5.798
Gladiator II,"Action, Adventure, Drama","Paul Mescal, Denzel Washington, Pedro Pascal",Ridley Scott,"Years after witnessing the death of the revered hero Maximus at the hands of his uncle, Lucius is forced to enter the Colosseum after his home is conquered by the tyrannical Emperors who now lead Rome with an iron fist. With rage in his heart and the future of the Empire at stake, Lucius must look to his past to find strength and honor to return the glory of Rome to its people.",6.677
Anora,"Drama, Comedy, Romance","Mikey Madison, Mark Eydelshteyn, Yura Borisov",Sean Baker,"A young sex worker from Brooklyn gets her chance at a Cinderella story when she meets and impulsively marries the son of an oligarch. Once the news reaches Russia, her fairytale is threatened as his parents set out to get the marriage annulled.",7.05
Zootopia,"Animation, Adventure, Family, Comedy","Ginnifer Goodwin, Jason Bateman, Idris Elba","Byron Howard, Rich Moore","Determined to prove herself, Officer Judy Hopps, the first bunny on Zootopia's police force, jumps at the chance to crack her first case - even if it means partnering with scam-artist fox Nick Wilde to solve the mystery.",7.8
Van Gogh by Vincent,Documentary,"Zahra Ahmadi, Jack Etchells, Adam Woolley",Richard Shaw,"In a career that lasted only ten years, Vincent Van Gogh painted one subject more than any other: himself. This is the story of Vincent told using eight of his most iconic self-portraits.",6.2
Avatar: The Way of Water,"Science Fiction, Adventure, Action","Sam Worthington, Zoe Saldaña, Sigourney Weaver",James Cameron,"Set more than a decade after the events of the first film, learn the story of the Sully family (Jake, Neytiri, and their kids), the trouble that follows them, the lengths they go to keep each other safe, the battles they fight to stay alive, and the tragedies they endure.",7.612
Wonder Woman,"Action, Adventure, Fantasy","Gal Gadot, Chris Pine, Connie Nielsen",Patty Jenkins,An Amazon princess comes to the world of Man in the grips of the First World War to confront the forces of evil and bring an end to human conflict.,7.215
Wonder Woman,"Action, Adventure, Fantasy","Gal Gadot, Chris Pine, Connie Nielsen",Patty Jenkins,An Amazon princess comes to the world of Man in the grips of the First World War to confront the forces of evil and bring an end to human conflict.,7.215
Oppenheimer,"Drama, History","Cillian Murphy, Emily Blunt, Matt Damon",Christopher Nolan,The story of J. Robert Oppenheimer's role in the development of the atomic bomb during World War II.,8.1
Mononoke the Movie: Chapter II - The Ashes of Rage,"Animation, Fantasy, Mystery","Hiroshi Kamiya, Cho, Daisuke Hosomi","Kenji Nakamura, Kiyotaka Suzuki","The Medicine Seller returns as the Edo harem faces a new crisis, with family feuds, inner turmoil and fiery envy igniting the birth of a raging spirit.",7.75
SuperKlaus,"Animation, Comedy, Family, Adventure","Harland Williams, Colm Feore, Millie Davis",Steve Majaury,"Santa Claus's wish comes true when he accidentally bumps his head and starts believing he's SuperKlaus. With the help of Billie and Leo his elf-xecutive assistant, SuperKlaus will take on a toy-obsessed businessman to save Christmas.",6.0
Z-O-M-B-I-E-S 4: Dawn of the Vampires,"Music, Adventure, Romance, Comedy, Family","Meg Donnelly, Milo Manheim, Chandler Kinney",Paul Hoen,"A new adventure dawns for Zed and Addison when their summer road trip takes an unexpected detour, landing them in the middle of yet another monster rivalry: Daywalkers vs. Vampires. Tensions flare when Zed and Addison find themselves acting as camp counselors between the two opposing supernatural factions. With the help of Eliza and Willa, they must convince sworn enemies Nova and Victor to try to unite their warring worlds before an even greater threat endangers them all.",7.134
Bang,"Action, Thriller","Jack Kesy, Peter Weller, Tristin Mays",Wych Kaosayananda,"Follows a ruthless hitman who, after narrowly escaping a fatal attempt on his life, betrays his gang in an effort to find forgiveness but ends up becoming a target himself.",8.0
The Occupant,"Science Fiction, Drama, Thriller","Ella Balinska, Rob Delaney, Vanessa Ifediora",Hugo Keijzer,"Desperate to save her sister, Abby takes a dangerous job in the remote Georgian wilderness. Stranded in the mountains after her helicopter crashes, she finds hope through John, a mysterious helper radioing from nearby. As he guides her through the harsh conditions, Abby struggles to survive, and her grip on reality falters until she is faced with an impossible choice.",6.406
Fib the Truth,"Drama, Thriller","Darya Melnikova, Evgeny Romantsov, Pavel Priluchnyy",Olga Akatyeva,"A couple in love spends time away from civilization. The sudden arrival of the younger sister first, and then the girl's ex-boyfriend, violate the country idyll. Each of the heroes has his own plan for this weekend, and together they become hostages of the situation and participants in cruel psychological games. Falling in love gives way to passion, and innocent flirting causes jealousy and can lead to mortal danger.",5.76
War 2,"Action, Adventure, Thriller","N.T. Rama Rao Jr., Hrithik Roshan, Kiara Advani",Ayan Mukerji,"Years ago Agent Kabir went rogue, became India’s greatest villain ever.  As he descends further into the deepest shadows... India sends its deadliest, most lethal agent after him, Agent Vikram  A Special Units Officer who is more than Kabir’s equal and a relentless Terminator driven by his own demons, determined to put a bullet into Kabir’s skull.",7.3
Saiyaara,"Romance, Drama","Ahaan Panday, Aneet Padda, Alam Khan",Mohit Suri,"Two artistic souls find harmony through music despite their contrasting worlds. As feelings deepen, age and circumstances challenge their undeniable bond.",6.4
Barbarian,"Horror, Thriller","Georgina Campbell, Justin Long, Bill Skarsgård",Zach Cregger,"In town for a job interview, a young woman arrives at her Airbnb late at night only to find that it has been mistakenly double-booked and a strange man is already staying there. Against her better judgement, she decides to stay the night anyway.",6.837
"The Chronicles of Narnia: The Lion, the Witch and the Wardrobe","Adventure, Family, Fantasy","William Moseley, Anna Popplewell, Skandar Keynes",Andrew Adamson,"Siblings Lucy, Edmund, Susan and Peter step through a magical wardrobe and find the land of Narnia. There, they discover a charming, once peaceful kingdom that has been plunged into eternal winter by the evil White Witch, Jadis. Aided by the wise and magnificent lion, Aslan, the children lead Narnia into a spectacular, climactic battle to be free of the Witch's glacial powers forever.",7.134
Presence,"Horror, Thriller, Drama","Callina Liang, Lucy Liu, Chris Sullivan",Steven Soderbergh,"A couple and their children move into a seemingly normal suburban home. When strange events occur, they begin to believe there is something else in the house with them. The presence is about to disrupt their lives in unimaginable ways.",6.096
14 and Under,"Comedy, Romance","Harald Baerow, Ulrike Butz, Elke Deuringer",Ernst Hofbauer,"This episodic film is a close relative of Wolf Hartwig's schoolgirl report movies, made by the same people, in a similar style, around similar topics. However, this one specifically focuses on the coming-of-age aspects, to an extent that it also touches on delicate issues such as paedophilia.",5.533
Africa Blood and Guts,"Documentary, Horror","Sergio Rossi, Jomo Kenyatta, Gualtiero Jacopetti","Gualtiero Jacopetti, Franco Prosperi","A chronicle of the violence that occurred in much of the African continent throughout the 1960s. As many African countries were transitioning from colonial rule to other forms of government, violent political upheavals were frequent. Revolutions in Zanzibar and Kenya in which thousands were killed are shown, the violence not only political; there is also extensive footage of hunters and poachers slaughtering different types of wild animals.",6.467
Harry Potter and the Chamber of Secrets,"Adventure, Fantasy","Daniel Radcliffe, Rupert Grint, Emma Watson",Chris Columbus,"Cars fly, trees fight back, and a mysterious house-elf comes to warn Harry Potter at the start of his second year at Hogwarts. Adventure and danger await when bloody writing on a wall announces: The Chamber Of Secrets Has Been Opened. To save Hogwarts will require all of Harry, Ron and Hermione’s magical abilities and courage.",7.706
Until Dawn,"Horror, Mystery","Ella Rubin, Maia Mitchell, Peter Stormare",David F. Sandberg,"One year after her sister Melanie mysteriously disappeared, Clover and her friends head into the remote valley where she vanished in search of answers. Exploring an abandoned visitor center, they find themselves stalked by a masked killer and horrifically murdered one by one...only to wake up and find themselves back at the beginning of the same evening.",6.5
The Lord of the Rings: The Return of the King,"Adventure, Fantasy, Action","Elijah Wood, Ian McKellen, Viggo Mortensen",Peter Jackson,"As armies mass for a final battle that will decide the fate of the world--and powerful, ancient forces of Light and Dark compete to determine the outcome--one member of the Fellowship of the Ring is revealed as the noble heir to the throne of the Kings of Men. Yet, the sole hope for triumph over evil lies with a brave hobbit, Frodo, who, accompanied by his loyal friend Sam and the hideous, wretched Gollum, ventures deep into the very dark heart of Mordor on his seemingly impossible quest to destroy the Ring of Power.​",8.488
Top Gun: Maverick,"Action, Drama","Tom Cruise, Val Kilmer, Miles Teller",Joseph Kosinski,"After more than thirty years of service as one of the Navy’s top aviators, and dodging the advancement in rank that would ground him, Pete “Maverick” Mitchell finds himself training a detachment of TOP GUN graduates for a specialized mission the likes of which no living pilot has ever seen.",8.2
Julia's Lover,"Romance, Drama","Bianca Bin, Romulo Estrela, Sérgio Guizé",Vinicius Coimbra,"Paralyzed from the waist down after an accident, Cássio's relationship with Julia goes through difficulties. Feeling rejected, she starts a new romance. Based on the novel ""Lady Chatterley's Lover"" by D. H. Lawrence.",5.571
